{"576819964179382272": {"warns": [], "name": "goillop#9805"}, "566587574517366795": {"warns": [{"issuer_id": 563771541767323661, "issuer_name": "lil quatt", "reason": "spamma stickers epilettici", "timestamp": "Saturday, August 24 2019"}, {"issuer_id": 563771541767323661, "issuer_name": "lil quatt", "reason": "spamma", "timestamp": "Wednesday, August 28 2019"}], "name": "Xx_Soul_xX#0003"}, "548547694717829123": {"warns": [], "name": "sereena#5383"}, "173569203977060353": {"warns": [], "name": "Polliog#0001"}, "526153184444547075": {"warns": [{"issuer_id": 563771541767323661, "issuer_name": "lil quatt", "reason": "spamma", "timestamp": "Wednesday, August 28 2019"}], "name": "Mirai#2992"}, "796652274235342848": {"warns": [{"issuer_id": 380482923423465472, "issuer_name": ".Light", "reason": "ti amo e adoro un Botto ti scopo kiss sei il mio alt \u2764\ufe0f", "timestamp": "Friday, January 15 2021"}, {"issuer_id": 568076356219437091, "issuer_name": "Lil Cloud \u2020.", "reason": "Test", "timestamp": "Friday, January 15 2021"}], "name": "Blackhole#8007"}, "796654763353047060": {"warns": [{"issuer_id": 380482923423465472, "issuer_name": ".Light", "reason": "porcodio", "timestamp": "Thursday, January 14 2021"}], "name": "padrepio#1059"}, "568076356219437091": {"warns": [{"issuer_id": 380482923423465472, "issuer_name": ".Light", "reason": "ora va suca", "timestamp": "Thursday, January 14 2021"}], "name": "Lil Cloud \u2020.#0001"}, "380482923423465472": {"warns": [{"issuer_id": 717438765815169135, "issuer_name": "Night \u591c", "reason": "No razzismo grazie.", "timestamp": "Monday, January 18 2021"}], "name": "Ryuji \u30ea\u30e5\u30a6\u30b8#6969"}, "421399233606713376": {"warns": [], "name": "Aika Dev (Brineexee)#8590"}, "786656592024043561": {"warns": [], "name": "n i k o#9999"}, "582994555062714381": {"warns": [{"issuer_id": 794880988672294942, "issuer_name": ".Death\u2661.", "reason": "hey hey bello mandare l'annuncio staff su add no?", "timestamp": "Saturday, January 16 2021"}, {"issuer_id": 794880988672294942, "issuer_name": ".Karma \u30ab\u30eb\u30de\u2661.", "reason": "continua a doxxare", "timestamp": "Saturday, January 16 2021"}, {"issuer_id": 582994555062714381, "issuer_name": "Ciccio\ud83e\udd40", "reason": "Testare se sei come dynosauro", "timestamp": "Sunday, January 17 2021"}], "name": "Ciccio\ud83e\udd40#6666"}, "593110672024272928": {"warns": [], "name": "NICO#0420"}, "788532430642348062": {"warns": [{"issuer_id": 582994555062714381, "issuer_name": "Ciccio\ud83e\udd40", "reason": "provando la warn list", "timestamp": "Sunday, January 17 2021"}], "name": "Kirlia#8350"}, "684791899051393145": {"warns": [{"issuer_id": 694636019340935188, "issuer_name": "T9", "reason": "studia troppo poco", "timestamp": "Wednesday, January 20 2021"}], "name": "xAvatar6969#6969"}, "694636019340935188": {"warns": [{"issuer_id": 684791899051393145, "issuer_name": "xAvatar6969", "reason": "sta su discord troppo", "timestamp": "Wednesday, January 20 2021"}], "name": "T9#7756"}, "717438765815169135": {"warns": [{"issuer_id": 380482923423465472, "issuer_name": "Ryuji \u30ea\u30e5\u30a6\u30b8", "reason": "love u", "timestamp": "Saturday, January 23 2021"}], "name": "Night \u591c#6969"}, "420317506901639178": {"warns": [], "name": "_sasa_#8749"}, "823996642239447140": {"warns": [], "name": "+  $cloud#2503"}}